{
	"format_version": "1.8.0",
	"animations": {
		"animation.villager.spear.first.hold": {
			"loop": true,
			"bones": {
				"root_item": {
					"rotation": {
						"vector": [-344.5984, 62.39543, -107.71026]
					},
					"position": {
						"vector": [13.06609, 0.80859, -8.46222]
					}
				},
				"rotation": {
					"rotation": {
						"vector": [0, 0, 0]
					}
				}
			}
		},
		"animation.villager.spear.third.hold": {
			"loop": true,
			"bones": {
				"root_item": {
					"rotation": {
						"vector": [0, 0, -25]
					},
					"position": {
						"vector": [0.5, 22.82563, -31.4417]
					}
				}
			}
		},
		"animation.villager.spear.first.charge": {
			"loop": true,
			"animation_length": 200,
			"bones": {
				"root_item": {
					"rotation": {
						"0.0": {
							"vector": [0, 0, 0]
						},
						"0.0417": {
							"vector": [9.05338, 0.14611, 1.20862]
						},
						"0.0833": {
							"vector": [16.46981, 0.50035, 4.73973]
						},
						"0.125": {
							"vector": [21.90652, 0.97304, 9.32065]
						},
						"0.1667": {
							"vector": [24.40693, 1.5, 13.37387]
						},
						"0.2083": {
							"vector": [23.68951, 2.02696, 16.3165]
						},
						"0.25": {
							"vector": [22.64916, 2.49965, 18.19492]
						},
						"0.2917": {
							"vector": [21.04056, 2.85389, 19.1978]
						},
						"0.3333": {
							"vector": ["20+math.sin(query.anim_time*1440)*0.1", 3, 19.5]
						}
					},
					"position": {
						"0.0": {
							"vector": [0, 0, 0]
						},
						"0.0417": {
							"vector": [-1.6746, 0.59145, -0.44496]
						},
						"0.0833": {
							"vector": [-4.00945, 1.02757, -1.10159]
						},
						"0.125": {
							"vector": [-6.27576, 1.83495, -1.85419]
						},
						"0.1667": {
							"vector": [-8.50104, 2.91439, -2.3261]
						},
						"0.2083": {
							"vector": [-10.92391, 3.96212, -2.60191]
						},
						"0.25": {
							"vector": [-13.22706, 5.09978, -2.75053]
						},
						"0.2917": {
							"vector": [-15.47633, "5.9802+math.sin(query.anim_time*1440-40)*0.1", "-2.7248+math.sin(query.anim_time*2000)*0.1"]
						},
						"0.3333": {
							"vector": [-17.28555, 6.7755, -2.48184]
						},
						"0.375": {
							"vector": [-18.52522, 7.66626, -2.29407]
						},
						"0.4167": {
							"vector": [-19.33477, 8.79248, -1.90494]
						},
						"0.4583": {
							"vector": [-19.83451, 9.87195, -1.52601]
						},
						"0.5": {
							"vector": [-20.12448, 10.70706, -1.15709]
						},
						"0.5417": {
							"vector": [-20.27768, 11.09606, -0.96882]
						},
						"0.5833": {
							"vector": [
								"-20.34+math.sin(query.anim_time*1440-60)*0.1",
								"11.2962+math.sin(query.anim_time*1440-40)*0.1",
								"-0.87+math.sin(query.anim_time*2000)*0.1"
							]
						}
					}
				}
			}
		},
		"animation.villager.spear.first.throw": {
			"loop": "hold_on_last_frame",
			"animation_length": 0.1667,
			"bones": {
				"root_item": {
					"rotation": {
						"vector": [40, 3, 19.5]
					},
					"position": {
						"0.0": {
							"vector": [-19.4266, 11.23192, -0.87]
						},
						"0.0417": {
							"vector": [-8.11629, -0.04066, -1.85605]
						}
					},
					"scale": {
						"0.0417": {"vector": [0, 0, 0]}
					}
				}
			}
		}
	},
	"geckolib_format_version": 2
}